{
    "vit-base": 0.24347100682665399,
    "dinov2-small": 0.13922326972256183,
    "dinov2-base": 0.16194154308560654
}